Peril,PerilsCovered
QEQ,QEQ
QFF,QFF
QTS,QTS
QSL,QSL
QLS,QLS
QLF,QLF
WTC,WTC
WEC,WEC
WSS,WSS
ORF,ORF
OSF,OSF
XSL,XSL
XTD,XTD
XHL,XHL
ZSN,ZSN
ZIC,ZIC
ZFZ,ZFZ
BFR,BFR
BBF,BBF
MNT,MNT
MTR,MTR
XLT,XLT
ZST,ZST
BSK,BSK
SSD,SSD
XCH,XCH
CSB,CSB
CPD,CPD
PNF,PNF
VVA,VVA
VVE,VVE
VVL,VVL
SBU,SBU
QEQ,QQ1
QFF,QQ1
QTS,QQ1
QSL,QQ1
QLS,QQ1
QLF,QQ1
WTC,WW2
WEC,WW2
WTC,WW1
WEC,WW1
WSS,WW1
ORF,OO1
OSF,OO1
MNT,MM1
MTR,MM1
XSL,XX1
XTD,XX1
XHL,XX1
XLT,XX1
XSL,XZ1
XTD,XZ1
XHL,XZ1
XLT,XZ1
ZSN,XZ1
ZIC,XZ1
ZFZ,XZ1
BFR,BB1
BBF,BB1
BSK,BB1
QEQ,AA1
QFF,AA1
QTS,AA1
QSL,AA1
QLS,AA1
QLF,AA1
WTC,AA1
WEC,AA1
WSS,AA1
ORF,AA1
OSF,AA1
XSL,AA1
XTD,AA1
XHL,AA1
ZSN,AA1
ZIC,AA1
ZFZ,AA1
BFR,AA1
BBF,AA1
MNT,AA1
MTR,AA1
XLT,AA1
ZST,AA1
BSK,AA1
CSB,CC1
CSD,CC1
ZST,ZZ1
ZSN,ZZ1
ZIC,ZZ1
ZFZ,ZZ1

